date,title,clue,hint,notes,slot_1_name,slot_1_answer,slot_1_decoy,slot_2_name,slot_2_answer,slot_2_decoy,slot_3_name,slot_3_answer,slot_3_decoy,slot_4_name,slot_4_answer,slot_4_decoy,slot_5_name,slot_5_answer,slot_5_decoy
2026-09-08,Old Fashioned,Assemble the canonical spec for the archetype of all cocktails.,Demerara or sugar cube muddled with aromatic bitters forms the base before adding whiskey.,The 1806 definition of a cocktail was spirits sugar water and bitters; this build stays true to that foundational formula.,Base Spirit,Bourbon or Rye Whiskey,Blended Scotch Whisky,Sweetener,Demerara Sugar Cube,Agave Nectar,Seasoning,Angostura Aromatic Bitters,Peychaud's Bitters,Method,Stir with ice until chilled and diluted,Shake vigorously with ice,Glass & Garnish,Rocks glass with expressed orange peel,Coupe with maraschino cherry
2026-09-09,Margarita,Build Mexico's iconic bright and zesty agave classic.,Triple sec provides sweetness and citrus notes while lime brings essential acidity.,A classic Margarita follows a clean daisy ratio balancing 100% agave tequila against fresh lime and dry orange curacao or triple sec.,Base Spirit,Blanco Tequila,Mezcal Espadín,Liqueur,Triple Sec,Blue Curaçao,Citrus,Fresh Lime Juice,Fresh Lemon Juice,Method,Shake with ice and fine strain,Build directly over crushed ice,Glass & Garnish,Coupe with half-salted rim,Highball with sugar rim
2026-09-10,Negroni,Construct Florence's legendary equal-parts bitter aperitivo.,Equal thirds of gin sweet vermouth and Campari create bittersweet harmony.,Invented at Caffè Casoni in 1919 when Count Camillo Negroni requested gin instead of soda in his Americano.,Base Spirit,London Dry Gin,Vodka,Bitter Liqueur,Campari,Aperol,Fortified Wine,Sweet Red Vermouth,Dry White Vermouth,Method,Stir with ice and strain over a large rock,Shake hard with ice and double strain,Glass & Garnish,Rocks glass with fresh orange peel,Flute with brandied cherry
2026-09-11,Daiquiri,Assemble the historic Cuban three-ingredient sour masterpiece.,Light rum demands crisp lime juice balanced with precise simple syrup.,Named after the iron-mining town near Santiago de Cuba this drink is the international benchmark for citrus-sugar-rum balance.,Base Spirit,White Rum,Dark Spiced Rum,Citrus,Fresh Lime Juice,Grapefruit Juice,Sweetener,Rich Simple Syrup,Grenadine,Method,Shake hard with ice and fine strain,Blend with crushed ice and pour,Glass & Garnish,Chilled coupe with no garnish,Hurricane glass with pineapple wedge
2026-09-12,Manhattan,Assemble the definitive rye and sweet vermouth classic.,Rye provides a dry spicy backbone that cuts through herbal sweet vermouth.,Dating to the 1870s at New York's Manhattan Club this cocktail relies on aromatic bitters to bind whiskey and vermouth.,Base Spirit,Rye Whiskey,Irish Whiskey,Fortified Wine,Sweet Vermouth,Dry Vermouth,Seasoning,Angostura Aromatic Bitters,Celery Bitters,Method,Stir with ice until silky and chilled,Shake vigorously and double strain,Glass & Garnish,Nick & Nora with a brandied cherry,Highball with lemon wheel
2026-09-13,Dry Martini,Build the gold standard of refined botanical elegance.,London Dry gin stirred cold with dry French vermouth and a dash of orange bitters.,The ratio evolved over a century from sweet and wet to crisp and dry; stirring preserves clarity and velvety texture.,Base Spirit,London Dry Gin,Vodka,Fortified Wine,Dry Vermouth,Sweet Vermouth,Aromatic Accent,Orange Bitters,Peychaud's Bitters,Method,Stir with solid ice and strain,Shake with crushed ice,Glass & Garnish,Chilled Martini glass with lemon twist,Coupe with lime wedge
2026-09-14,Whiskey Sour,Assemble the classic American sour crowned with silky foam.,Egg white creates rich texture when emulsion is built through temperature control.,The two-step shaking process emulsifies the albumen before ice chills and dilutes the whiskey and lemon.,Base Spirit,Bourbon Whiskey,Cognac,Citrus & Sweetener,Fresh Lemon Juice & Simple Syrup,Lime Juice & Grenadine,Texturizer,Fresh Egg White,Heavy Cream,Method,Dry shake then wet shake and double strain,Stir with ice in a mixing glass,Glass & Garnish,Rocks glass with Angostura drops,Coupe with salted rim
2026-09-15,Espresso Martini,Build the modern London classic invented by Dick Bradsell.,Fresh hot espresso provides genuine crema when aerated by a vigorous shake.,Created at Soho Brasserie in 1983 when a guest requested a drink that would wake her up and mess her up.,Base Spirit,Vodka,Bourbon Whiskey,Coffee Modifier,Coffee Liqueur,Irish Cream,Fresh Component,Freshly Brewed Espresso,Cold Brew Concentrate,Method,Hard shake with ice and fine strain,Gentle stir with cracked ice,Glass & Garnish,Chilled coupe with three coffee beans,Rocks glass with cinnamon stick
2026-09-16,Sazerac,Construct New Orleans' official historic cocktail.,The glass receives an absinthe coating before chilled rye and Creole bitters are added.,Originating in pre-Civil War Louisiana this drink was poured neat in a chilled glass without ice to showcase pure spirit and aroma.,Base Spirit,Rye Whiskey,London Dry Gin,Seasoning,Peychaud's Bitters,Angostura Orange Bitters,Glass Preparation,Absinthe Rinse,Chartreuse Rinse,Method,Stir with ice and strain into an un-iced glass,Shake with ice and strain over crushed ice,Glass & Garnish,Chilled Old Fashioned glass with expressed lemon peel,Coupe with pickled olive
2026-09-17,Mai Tai,Assemble Trader Vic's iconic 1944 tropical tiki standard.,Rich aged rums require nutty orgeat almond syrup and tart fresh lime juice.,Created in Oakland California by Victor Bergeron who declared it meant out of this world in Tahitian.,Base Spirit,Aged Jamaican Rum,White Coconut Rum,Liqueur,Orange Curaçao,Blue Curaçao,Syrup & Citrus,Orgeat & Fresh Lime Juice,Pineapple Juice & Grenadine,Method,Shake with crushed ice and dirty pour,Stir gently in a mixing glass,Glass & Garnish,Double Old Fashioned with spent lime shell & mint,Highball with maraschino cherry
2026-09-18,French 75,Build the effervescent Parisian champagne and gin high-caliber cocktail.,Gin and lemon juice are shaken cold before being topped with dry sparkling wine.,Named after the rapid-firing French 75mm field gun used in World War I due to its potent kick.,Base Spirit,London Dry Gin,Blended Scotch,Citrus & Sugar,Fresh Lemon Juice & Simple Syrup,Lime Juice & Orgeat,Sparkling Topper,Brut Champagne,Club Soda,Method,Shake spirits with ice strain and top with bubbles,Stir all ingredients directly in the glass,Glass & Garnish,Champagne flute with a long lemon twist,Rocks glass with cucumber wheel
2026-09-19,Paloma,Construct Mexico's favorite highball refresher.,Crisp blanco tequila paired with tart lime and sparkling grapefruit soda.,Far more popular throughout Mexico than the Margarita the Paloma shines with effervescent bittersweet grapefruit.,Base Spirit,Blanco Tequila,Vodka,Fresh Acid,Fresh Lime Juice,Fresh Lemon Juice,Mixer,Grapefruit Soda,Tonic Water,Method,Build in ice-filled glass and stir gently,Shake hard with ice and fine strain,Glass & Garnish,Highball glass with salt rim & grapefruit wedge,Coupe with mint sprig
2026-09-20,Sidecar,Assemble the roaring-twenties Paris luxury sour.,Fine Cognac demands crisp tart balance from Cointreau and fresh lemon juice.,Popularized at Harry's New York Bar in Paris during World War I and traditionally served with an optional sugared rim.,Base Spirit,Cognac,Bourbon Whiskey,Modifier,Cointreau,Amaretto,Citrus,Fresh Lemon Juice,Grapefruit Juice,Method,Shake with ice and double strain,Stir over large cubes,Glass & Garnish,Coupe with sugar rim & orange twist,Rocks glass with brandied cherry
2026-09-21,Boulevardier,Build Erskine Gwynne's Prohibition-era whiskey cousin of the Negroni.,Bourbon or rye adds rich caramel and oak notes against bitter Campari and sweet vermouth.,Published in 1927 in Barflies and Cocktails this Paris-born drink replaced gin with American whiskey.,Base Spirit,Bourbon or Rye Whiskey,London Dry Gin,Bitter Liqueur,Campari,Aperol,Fortified Wine,Sweet Vermouth,Dry Vermouth,Method,Stir with ice until well chilled,Shake vigorously with pebble ice,Glass & Garnish,Rocks glass with expressed orange peel,Cocktail glass with lime wheel
2026-09-22,Last Word,Assemble the equal-parts Prohibition marvel from the Detroit Athletic Club.,Gin Green Chartreuse maraschino liqueur and fresh lime juice balance in exact fourths.,Rediscovered by Murray Stenson at Seattle's Zig Zag Café in 2004 triggering the modern cocktail renaissance.,Base Spirit,London Dry Gin,Tequila Blanco,Herbal Liqueur,Green Chartreuse,Yellow Chartreuse,Sweet & Tart,Maraschino Liqueur & Fresh Lime Juice,Simple Syrup & Lemon Juice,Method,Hard shake with ice and fine strain,Stir with large cubes and strain,Glass & Garnish,Chilled coupe with brandied cherry,Highball glass with cucumber ribbon
2026-09-23,Moscow Mule,Construct the 1941 cocktail that ignited America's vodka craze.,Vodka and lime juice crowned with fiery ginger beer in a distinctive chilled vessel.,Devised in Hollywood by John Martin and Jack Morgan to sell Smirnoff vodka and Cock 'n Bull ginger beer.,Base Spirit,Vodka,White Rum,Acid,Fresh Lime Juice,Fresh Lemon Juice,Carbonated Mixer,Spicy Ginger Beer,Ginger Ale,Method,Build directly over crushed ice and churn,Shake with ice and double strain,Glass & Garnish,Copper mug with fresh lime wheel & mint sprig,Collins glass with orange slice
2026-09-24,Pisco Sour,Assemble the national pride of Peru with velvety foam and bitter drops.,South American grape brandy shaken with tart lime egg white and simple syrup.,Created by American expatriate Victor Morris at the Morris' Bar in Lima during the early 1920s.,Base Spirit,Peruvian Pisco,Cachaça,Citrus & Sugar,Fresh Lime Juice & Simple Syrup,Lemon Juice & Agave Nectar,Foam Element,Egg White,Aquafaba,Method,Dry shake then wet shake and fine strain,Stir with ice and single strain,Glass & Garnish,Chilled coupe with drops of Chuncho bitters,Highball glass with lime wedge
2026-09-25,Aviation,Build Hugo Ensslin's floral pre-Prohibition sky-blue masterpiece.,Gin accented with tart lemon maraschino liqueur and violette petals.,Published in 1916 in the Recipes for Mixed Drinks; cr\u00e8me de violette imparts a faint sky-tinted hue.,Base Spirit,London Dry Gin,Vodka,Liqueur 1,Maraschino Liqueur,Cointreau,Liqueur 2 & Acid,Crème de Violette & Fresh Lemon Juice,Crème de Cassis & Lime Juice,Method,Shake with ice and double strain,Stir with ice in a mixing glass,Glass & Garnish,Chilled coupe with brandied cherry,Rocks glass with lemon wheel
2026-09-26,Mint Julep,Construct the legendary southern classic of the Kentucky Derby.,Bourbon swizzled with tender fresh spearmint leaves over mountain mounds of frost.,Served at Churchill Downs since 1938; the silver cup conducts extreme cold to frost the outside.,Base Spirit,Bourbon Whiskey,Rye Whiskey,Herb,Fresh Mint Leaves,Fresh Basil Leaves,Sweetener,Rich Demerara Syrup,Honey Syrup,Method,Gently press mint with syrup swizzle with crushed ice,Shake vigorously and strain into glass,Glass & Garnish,Silver Julep cup with generous mint bouquet,Coupe with dehydrated lime wheel
2026-09-27,Vieux Carré,Assemble Walter Bergeron's 1938 French Quarter cocktail symphony.,Split base of rye and Cognac blended with sweet vermouth Bénédictine and dual bitters.,Named after the historic New Orleans French Quarter; invented at the famous Carousel Bar in Hotel Monteleone.,Split Base Spirit,Rye Whiskey & Cognac,Bourbon & Dark Rum,Herbal Liqueur,Bénédictine,Drambuie,Seasoning,Sweet Vermouth & Dual Bitters,Dry Vermouth & Celery Bitters,Method,Stir with ice until silky and well-chilled,Shake with ice and fine strain,Glass & Garnish,Rocks glass over large cube with lemon twist,Chilled flute with brandied cherry
2026-09-28,Tom Collins,Build the quintessential sparkling English gin cooler.,Old Tom or gin sweetened with lemon and simple syrup topped with effervescent club soda.,Stemming from the Great Tom Collins Hoax of 1874 this drink set the structural pattern for all collinses.,Base Spirit,Old Tom Gin,Vodka,Citrus & Sweetener,Fresh Lemon Juice & Simple Syrup,Lime Juice & Grenadine,Lengthener,Club Soda,Ginger Ale,Method,Shake citrus base with ice strain and top with soda,Stir all ingredients directly without ice,Glass & Garnish,Collins glass with lemon wheel & cherry,Coupe with salted rim
2026-09-29,Gimlet,Assemble the crisp navy-born gin and lime cordial cocktail.,London Dry gin shaken clean with lime juice and balanced simple syrup.,Originally popularized by the British Royal Navy to combat scurvy aboard ocean-faring warships.,Base Spirit,London Dry Gin,Blended Scotch,Citrus Component,Fresh Lime Juice,Fresh Lemon Juice,Sweetener,Simple Syrup,Orgeat,Method,Hard shake with ice and fine strain,Build over ice and swizzle,Glass & Garnish,Chilled coupe with fresh lime wheel,Rocks glass with orange twist
2026-09-30,Penicillin,Build Sam Ross's modern smoky Scotch revival classic.,Blended Scotch sweetened with honey-ginger syrup and crowned with peated Islay mist.,Created in 2005 at Milk & Honey in NYC; the smoky float hits the nose before the honeyed citrus palate.,Base Spirit,Blended Scotch Whisky,Bourbon Whiskey,Citrus,Fresh Lemon Juice,Fresh Lime Juice,Signature Syrup,Honey-Ginger Syrup,Orgeat Syrup,Method & Float,Shake base strain over ice and float Islay Single Malt,Stir all ingredients together over crushed ice,Glass & Garnish,Rocks glass with candied ginger on a pick,Coupe with lemon wheel
2026-10-01,Cosmopolitan,Assemble the cranberry-blushed nineties icon perfected by Toby Cecchini.,Citrus vodka shaken with Cointreau tart lime juice and a dash of cranberry juice.,Invented in 1988 at The Odeon in Manhattan using Absolut Citron and ocean spray cranberry for color.,Base Spirit,Citron Vodka,London Dry Gin,Orange Liqueur,Cointreau,Blue Curaçao,Juices,Fresh Lime Juice & Cranberry Juice,Lemon Juice & Grapefruit Juice,Method,Shake hard with ice and double strain,Stir with ice in a mixing glass,Glass & Garnish,Chilled Martini glass with flamed orange peel,Collins glass with mint sprig
2026-10-02,Bramble,Construct Dick Bradsell's 1984 London blackberry masterpiece.,Gin and lemon poured over crushed ice before dark blackberry liqueur is marbled across.,Designed to evoke memories of English blackberry picking; the cassis-style drizzle bleeds down the ice.,Base Spirit,London Dry Gin,Vodka,Citrus & Sugar,Fresh Lemon Juice & Simple Syrup,Lime Juice & Honey Syrup,Drizzle Liqueur,Crème de Mûre,Blue Curaçao,Method,Shake base pour over crushed ice and drizzle liqueur,Stir together and strain into an un-iced glass,Glass & Garnish,Old Fashioned glass with fresh blackberries & lemon,Coupe with brandied cherry
2026-10-03,Corpse Reviver No. 2,Assemble Harry Craddock's famous Savoy morning restorative.,Equal parts gin Cointreau Lillet Blanc and lemon in an absinthe-rinsed coupe.,From the 1930 Savoy Cocktail Book; famously noted that four taken in swift succession will un-revive the corpse.,Base Spirit,London Dry Gin,Mezcal,Fortified Wine,Lillet Blanc,Sweet Red Vermouth,Modifier & Acid,Cointreau & Fresh Lemon Juice,Maraschino & Grapefruit Juice,Glass Prep & Method,Absinthe rinse glass then shake base with ice,Swizzle directly in glass with crushed ice,Glass & Garnish,Chilled coupe with expressed lemon twist,Rocks glass with salted rim
2026-10-04,Dark 'n Stormy,Build Bermuda's trademarked oceanic highball.,Spicy ginger beer layered beneath dark molasses-rich black seal rum.,Bermudian sailors noted the rum floating over bubbling ginger beer looked like a cloud only a fool would sail under.,Base Spirit,Goslings Black Seal Rum,White Agricole Rum,Citrus,Fresh Lime Juice,Fresh Lemon Juice,Mixer,Spicy Ginger Beer,Club Soda,Method,Add lime and ginger beer over ice then float dark rum,Hard shake all ingredients with ice,Glass & Garnish,Highball glass with fresh lime wedge,Cocktail coupe with orange twist
2026-10-05,Aperol Spritz,Construct Venice's luminous sunset aperitivo.,The 3-2-1 ratio of Prosecco Aperol and soda water served over abundant ice.,Rooted in the 19th-century Austrian practice of spritzing still Italian wines with seltzer water.,Sparkling Wine,Dry Prosecco,Champagne Brut,Bitter Aperitivo,Aperol,Campari,Lengthener,Splash of Club Soda,Tonic Water,Method,Build in ice-filled wine glass and stir once,Shake with ice and double strain,Glass & Garnish,Large wine glass with fresh orange slice,Flute with brandied cherry
2026-10-06,Clover Club,Assemble Philadelphia's pre-Prohibition pink velvet gin sour.,Fresh raspberry syrup and egg white create a luxurious pale rose foam.,Originating at the Bellevue-Stratford Hotel where elite lawyers writers and journalists gathered from the 1880s onward.,Base Spirit,London Dry Gin,Bourbon Whiskey,Fruity Sweetener,Raspberry Syrup,Grenadine,Acid & Texture,Fresh Lemon Juice & Egg White,Lime Juice & Heavy Cream,Method,Dry shake without ice then wet shake and double strain,Build in glass and stir with crushed ice,Glass & Garnish,Chilled coupe with fresh raspberry skewer,Rocks glass with lemon wheel
2026-10-07,Paper Plane,Build Sam Ross's modern modern equal-parts bourbon and amaro marvel.,Bourbon Aperol Amaro Nonino and fresh lemon juice shaken in exact quarters.,Created in 2008 for The Violet Hour in Chicago and named after M.I.A.'s smash hit track Paper Planes.,Base Spirit,Bourbon Whiskey,Rye Whiskey,Aperitivo,Aperol,Campari,Amaro,Amaro Nonino Quintessentia,Fernet-Branca,Citrus & Method,Fresh Lemon Juice - hard shake with ice,Fresh Lime Juice - stir over ice,Glass & Garnish,Chilled coupe with no garnish,Rocks glass with orange twist
2026-10-08,Irish Coffee,Assemble Joe Sheridan's 1943 Shannon Airport warming classic.,Hot rich coffee and Irish whiskey sweetened with brown sugar and crowned with cold cream.,Invented at the Foynes seaplane base to revive freezing transatlantic passengers arriving in western Ireland.,Base Spirit,Irish Whiskey,Scotch Whisky,Sweetener,Demerara Brown Sugar Syrup,Maple Syrup,Hot Base,Freshly Brewed Hot Coffee,Hot Black Tea,Topper & Method,Gently layer lightly whipped heavy cream over spoon,Shake with ice and strain into warm mug,Glass & Garnish,Warm handled Irish Coffee glass with grated nutmeg,Collins glass with cinnamon stick
2026-10-09,Bloody Mary,Assemble the premier savory brunch restorative of the twentieth century.,A spiced tomato base spiked with Worcestershire and horseradish frames the clean spirit core.,Created in 1920s Paris at Harry's New York Bar by Fernand Petiot and later perfected at New York's St. Regis King Cole Bar.,Base Spirit,Vodka,London Dry Gin,Savory Base,Tomato Juice,Clamato Juice,Seasoning Blend,Worcestershire Sauce & Prepared Horseradish,Soy Sauce & Wasabi Paste,Acid & Spice,Fresh Lemon Juice & Tabasco,Lime Juice & Sriracha,Method & Garnish,Roll between tins with ice; serve with celery stalk & lemon wedge,Shake hard with crushed ice; serve with olive skewer
2026-10-10,Piña Colada,Construct Puerto Rico's lush blended tropical national icon.,Rich coconut cream and ripe pineapple juice balance crisp white rum.,Created in San Juan in 1954 at the Caribe Hilton by Ramón Monchito Marrero to capture the essence of the island.,Base Spirit,Puerto Rican White Rum,Dark Overproof Jamaican Rum,Cream Element,Cream of Coconut,Heavy Whipping Cream,Fruit Juice,Fresh Pineapple Juice,Orange Juice,Method,Flash blend with crushed ice until smooth,Stir gently in an iced mixing glass,Glass & Garnish,Chilled Hurricane glass with pineapple wedge & cherry,Coupe with dehydrated lime wheel
2026-10-11,Martinez,Assemble the enigmatic sweet and botanical bridge between the Manhattan and the Dry Martini.,Malted Old Tom gin joins aromatic red vermouth and a touch of Maraschino liqueur.,First appearing in O.H. Byron's 1884 Modern Bartender's Guide as an explicit evolution of the Manhattan template.,Base Spirit,Old Tom Gin,London Dry Gin,Fortified Wine,Sweet Red Vermouth,Dry French Vermouth,Modifier Liqueur,Maraschino Liqueur,Triple Sec,Seasoning,Boker's or Angostura Bitters,Peychaud's Bitters,Method & Garnish,Stir with solid ice and strain into a Nick & Nora with a lemon twist,Shake with crushed ice and double strain into a coupe with an olive
2026-10-12,Ramos Gin Fizz,Construct Henry C. Ramos's legendary twelve-minute New Orleans citrus cloud.,Heavy cream and citrus require patient physical agitation to suspend floral orange flower water into stable foam.,Debuted in 1888 at the Imperial Cabinet Saloon where Ramos employed a chain of shaker boys to endure the grueling shake.,Base Spirit,Old Tom or London Dry Gin,White Rum,Citrus Duet,Fresh Lemon Juice & Fresh Lime Juice,Grapefruit Juice & Orange Juice,Emulsifiers,Heavy Cream & Fresh Egg White,Coconut Milk & Aquafaba,Botanical Accent,Orange Flower Water,Rose Water,Method & Garnish,Dry shake then long wet shake; strain into highball and top with club soda without garnish,Short shake with ice; dump into Collins glass with lime wheel
2026-10-13,Jungle Bird,Assemble the groundbreaking 1970s bittersweet Malaysian tiki classic.,Dark blackstrap rum cut against bitter Italian aperitivo and frothy fresh pineapple juice.,Created in 1973 by beverage manager Jeffrey Ong at the Aviary Bar inside the Kuala Lumpur Hilton.,Base Spirit,Blackstrap or Dark Jamaican Rum,Light Puerto Rican Rum,Bitter Aperitivo,Campari,Aperol,Fruit Component,Fresh Pineapple Juice,Guava Nectar,Acid & Sweetener,Fresh Lime Juice & Demerara Syrup,Lemon Juice & Simple Syrup,Method & Garnish,Shake hard with pebble ice; pour unstrained into rocks glass with pineapple fronds,Stir over ice block; strain into chilled coupe with maraschino cherry
2026-10-14,Blood and Sand,Build the equal-parts 1922 Scotch whisky classic inspired by Rudolph Valentino's bullfighting epic.,Blended Scotch cuts sweet Cherry Heering alongside herbal sweet vermouth and fresh orange juice.,Named after the 1922 silent bullfighter film; published in Harry Craddock's 1930 Savoy Cocktail Book.,Base Spirit,Blended Scotch Whisky,Bourbon Whiskey,Fruit Liqueur,Cherry Heering,Maraschino Liqueur,Fortified Wine,Sweet Red Vermouth,Dry White Vermouth,Juice Element,Freshly Squeezed Orange Juice,Grapefruit Juice,Method & Garnish,Shake vigorously with ice; fine strain into coupe with flamed orange twist,Stir with ice; strain into rocks glass over large cube with cherry
2026-10-15,Hanky Panky,Assemble Ada Coleman's legendary 1903 medicinal Savoy Hotel classic.,Gin and sweet vermouth elevated by two assertive dashes of bitter herbal fernet.,Created by Coley at the Savoy American Bar for comedic actor Sir Charles Hawtrey who exclaimed it was the real hanky-panky.,Base Spirit,London Dry Gin,Rye Whiskey,Fortified Wine,Sweet Red Vermouth,Dry White Vermouth,Bitter Digestif,Fernet-Branca,Amaro Nonino,Aromatic Element,Expressed Orange Peel,Brandied Cherry,Method & Glass,Stir over ice until chilled and silky; strain into chilled Nick & Nora glass,Shake with ice; strain into highball glass over crushed ice
2026-10-16,Naked and Famous,Build Joaquín Simó's modern smoky mezcal equal-parts modern classic.,Mezcal and Yellow Chartreuse clash harmoniously against bitter aperitivo and tart lime juice.,Created in 2011 at Death & Co in New York City as the love child of a Last Word and a Paper Plane.,Base Spirit,Mezcal Espadín,Blanco Tequila,Herbal Liqueur,Yellow Chartreuse,Green Chartreuse,Bitter Aperitivo,Aperol,Campari,Acid Element,Fresh Lime Juice,Fresh Lemon Juice,Method & Garnish,Shake vigorously with ice; double strain into chilled coupe without garnish,Build in rocks glass over crushed ice with grapefruit peel
2026-10-17,Bamboo,Assemble the Victorian low-proof fortified masterpiece born in Yokohama.,Fino sherry and dry vermouth form an elegant bone-dry tapestry seasoned with dual bitters.,Created around the 1890s by German bartender Louis Eppinger at the Grand Hotel in Yokohama Japan.,Primary Wine,Fino or Manzanilla Sherry,Tawny Port,Secondary Wine,Dry French Vermouth,Sweet Red Vermouth,Aromatic Bitters 1,Angostura Bitters,Peychaud's Bitters,Aromatic Bitters 2,Orange Bitters,Celery Bitters,Method & Garnish,Stir with ice until exceptionally cold; strain into Nick & Nora with lemon twist,Shake hard with crushed ice; strain into rocks glass with orange wheel
2026-10-18,Tipperary,Construct the rich pre-Prohibition Irish whiskey and herbal emerald standard.,Pot still Irish whiskey tempered by herbal Green Chartreuse and botanical sweet vermouth.,Appearing in Hugo Ensslin's 1916 guide named after the nostalgic marching anthem of the Royal Irish Regiment.,Base Spirit,Irish Single Pot Still Whiskey,Blended Scotch Whisky,Herbal Liqueur,Green Chartreuse,Bénédictine,Fortified Wine,Sweet Red Vermouth,Dry Vermouth,Bitters,Angostura or Orange Bitters,Peychaud's Bitters,Method & Garnish,Stir with dense ice until cold and velvety; strain into coupe with orange twist,Shake with ice; strain into highball glass with cucumber wheel
2026-10-19,Zombie,Assemble Don the Beachcomber's lethal multi-rum 1934 depression-era tiki powerhouse.,Three distinct rums meet grapefruit cinnamon syrup and Don's secret falernum-absinthe spice mix.,Created in 1934 in Hollywood; Donn Beach limited patrons to two per visit warning it would turn them into walking dead.,Rum Trio,Gold Puerto Rican + Dark Jamaican + 151 Overproof Demerara,Light Bacardi + Coconut Rum + Spiced Rum,Citrus Juices,Fresh Lime Juice & White Grapefruit Juice,Lemon Juice & Pineapple Juice,Spice Syrups,Cinnamon Syrup & Velvet Falernum,Orgeat & Simple Syrup,Aromatic Accents,Herbsaint or Absinthe & Angostura Bitters,Orange Flower Water & Peychaud's Bitters,Method & Glass,Flash blend with crushed ice; pour unstrained into tall chimney glass with mint sprig,Stir over ice block; strain into coupe glass with lime wedge
2026-10-20,El Presidente,Build Havana's dry and refined aristocratic cocktail of the 1920s.,Cuban rum joined by French blanc vermouth orange curaçao and a few drops of real pomegranate grenadine.,Formulated in Havana during Prohibition by Eddie Woelke or Fred Kaufman honoring Cuban President Gerardo Machado.,Base Spirit,Aged Cuban White Rum,Dark Overproof Rum,Fortified Wine,Blanc or Bianco Vermouth,Dry French Vermouth,Orange Modifier,Dry Curaçao,Triple Sec,Fruit Accent,Pomegranate Grenadine,Maraschino Liqueur,Method & Garnish,Stir with ice until crystalline and cold; strain into chilled coupe with orange peel & cherry,Shake with ice; strain into highball glass with salted rim
2026-10-21,Japanese Cocktail,Assemble Jerry Thomas's 1862 Cognac and almond pioneer.,Rich French brandy seasoned with fragrant almond orgeat and dashes of aromatic bitters.,Published in the world's very first cocktail book; created to honor the first Japanese diplomatic mission to New York in 1860.,Base Spirit,Cognac or French Brandy,Rye Whiskey,Sweetener,Orgeat Almond Syrup,Demerara Simple Syrup,Seasoning,Boker's or Angostura Bitters,Orange Bitters,Acid Touch,Expressed Lemon Peel Oils,Fresh Lime Juice,Method & Glass,Stir with ice until silky and chilled; strain into chilled cocktail glass with lemon coin,Shake with ice; strain over crushed ice in rocks glass with cherry
2026-10-22,20th Century,Construct the sleek 1937 locomotive sour showcasing clear cacao and quinquina.,Gin shaken crisp with white crème de cacao Lillet Blanc and fresh lemon juice.,Named by British bartender C.A. Tuck after the 20th Century Limited luxury passenger train running from New York to Chicago.,Base Spirit,London Dry Gin,Vodka,Aperitif Wine,Lillet Blanc or Cocchi Americano,Sweet Vermouth,Clear Liqueur,White Crème de Cacao,White Crème de Menthe,Citrus,Fresh Lemon Juice,Fresh Lime Juice,Method & Garnish,Shake hard with cracked ice; fine strain into chilled coupe with lemon twist,Stir with ice; strain into highball glass with lime wheel
2026-10-23,Greenpoint,Build Michael McIlroy's 2006 herbal Brooklyn neighborhood variant.,Rye whiskey supported by herbal Yellow Chartreuse sweet vermouth and dual bitters.,Created at Milk & Honey New York expanding the classic Brooklyn cocktail family into modern lore.,Base Spirit,Straight Rye Whiskey,Bourbon Whiskey,Herbal Modifier,Yellow Chartreuse,Green Chartreuse,Fortified Wine,Sweet Red Vermouth,Dry Vermouth,Bitters Blend,Angostura Bitters & Orange Bitters,Peychaud's Bitters & Celery Bitters,Method & Garnish,Stir with ice in a mixing glass; strain into chilled Nick & Nora with lemon twist,Shake with ice; fine strain into rocks glass with orange wedge
2026-10-24,Chrysanthemum,Assemble the historic low-ABV French vermouth and herbal Bénédictine gem.,Bone-dry French vermouth dominates sweet honeyed herbal liqueur with a subtle absinthe wash.,Popularized by Hugo Ensslin in 1916 and cemented by Harry Craddock in 1930 as an iconic European aperitif.,Primary Ingredient,Dry French Vermouth,Sweet Red Vermouth,Sweet Herbal Liqueur,Bénédictine,Yellow Chartreuse,Anise Modifier,Absinthe,Pastis,Acid Balance,Expressed Lemon Peel,Fresh Lemon Juice,Method & Glass,Stir over ice until cold and clear; strain into chilled Nick & Nora with lemon twist,Shake with ice; strain into rocks glass with brandied cherry
2026-10-25,Bijou,Build Harry Johnson's 1890s sparkling trio of liquid jewels.,Gin for diamond dry vermouth for ruby and Green Chartreuse for emerald.,Published in Johnson's 1900 Bartenders' Manual; balanced in equal parts with a dash of orange bitters.,Diamond Spirit,London Dry Gin,Vodka,Ruby Wine,Sweet Red Vermouth,Dry Vermouth,Emerald Liqueur,Green Chartreuse,Midori Melon Liqueur,Bitters Accent,Orange Bitters,Peychaud's Bitters,Method & Garnish,Stir with dense ice; strain into chilled coupe with brandied cherry or lemon peel,Shake with crushed ice; strain into rocks glass with lime wheel
2026-10-26,Toronto,Assemble the biting Canadian whisky and fernet classic of the 1920s.,Whisky and herbal bitter fernet tied together with a pinch of demerara and bitters.,Appearing in Robert Vermeire's 1922 Cocktails: How to Mix Them; fernet brings bracing menthol backbone to oak whisky.,Base Spirit,Canadian or Rye Whisky,Blended Scotch Whisky,Bitter Digestif,Fernet-Branca,Campari,Sweetener,Rich Demerara Syrup,Maple Syrup,Bitters,Angostura Aromatic Bitters,Orange Bitters,Method & Garnish,Stir with ice until well-integrated; strain into chilled coupe with expressed orange twist,Shake with ice; strain into rocks glass with lemon wheel
2026-10-27,Seelbach,Construct Louisville's sparkling bourbon and heavy-bittered hotel legend.,Bourbon and triple sec drenched in twenty-four combined dashes of Angostura and Peychaud's topped with brut Champagne.,Supposedly created in 1917 at the Seelbach Hotel; bartender Adam Seger admitted in 2016 he invented the drink and the legend in 1995.,Base Spirit,Bourbon Whiskey,Cognac,Orange Liqueur,Cointreau or Triple Sec,Grand Marnier,Bitters Heavyweight,Angostura Bitters & Peychaud's Bitters (7 and 7 dashes minimum),Orange Bitters & Celery Bitters (1 dash each),Effervescent Crown,Brut Champagne or Sparkling Wine,Club Soda,Method & Garnish,Stir spirits and bitters with ice; strain into flute and top with Champagne; garnish with orange twist,Build directly over crushed ice in highball with mint sprig
2026-10-28,Diamondback,Assemble Maryland's ferocious high-proof rye apple brandy and Chartreuse triangle.,Overproof rye whiskey paired with bonded Applejack and herbal Green Chartreuse.,Named after the Diamondback Lounge in Baltimore's Lord Baltimore Hotel; published in Ted Saucier's 1951 Bottoms Up.,Base Spirit,100-Proof Straight Rye Whiskey,Bourbon Whiskey,Fruit Brandy,Bonded Applejack or Calvados,Peach Schnapps,Herbal Liqueur,Green Chartreuse,Yellow Chartreuse,Dilution Control,Dense Stirring Ice,Crushed Ice,Method & Garnish,Stir vigorously with ice to tame the proofs; strain into chilled cocktail glass with mint tip or cherry,Shake hard with ice; dirty pour into rocks glass with lime twist
2026-10-29,Remember the Maine,Build Charles H. Baker Jr.'s 1939 revolutionary rye and cherry Havana classic.,Spicy rye sweet vermouth and dark Danish cherry liqueur with an elusive absinthe rinse.,Documented in Baker's The Gentleman's Companion; named after the 1898 battleship explosion in Havana Harbor.,Base Spirit,Straight Rye Whiskey,Bourbon Whiskey,Fortified Wine,Sweet Red Vermouth,Dry Vermouth,Cherry Component,Cherry Heering,Maraschino Liqueur,Glass Accent,Absinthe Rinse,Orange Flower Water Rinse,Method & Garnish,Stir with ice until frigid; strain into chilled rinsed coupe with brandied cherry,Shake with ice; double strain into rocks glass with lemon twist
2026-10-30,Army & Navy,Assemble the historic English dry gin and nutty almond sour.,London Dry gin cut with fresh lemon juice and rich Mediterranean almond orgeat.,Dating back to David Embury's 1948 Fine Art of Mixing Drinks; celebrates the British armed services fraternity.,Base Spirit,London Dry Gin,Vodka,Nut Modifier,Orgeat Almond Syrup,Amaretto Liqueur,Citrus,Fresh Lemon Juice,Fresh Lime Juice,Bitters,Angostura Bitters,Peychaud's Bitters,Method & Garnish,Shake hard with ice; fine strain into chilled coupe with expressed grapefruit peel,Stir over ice; strain into highball glass with lemon wheel
2026-10-31,Widow's Kiss,Construct George Kappeler's 1895 apple brandy and medieval monastery tour-de-force.,Calvados or bonded apple brandy entwined with both Yellow Chartreuse and herbal Bénédictine.,Published in Modern American Drinks; an intensely complex spirituous post-prandial classic devoid of citrus juice.,Base Spirit,Calvados or Apple Brandy,Cognac,Herbal Liqueur 1,Yellow Chartreuse,Green Chartreuse,Herbal Liqueur 2,Bénédictine,Drambuie,Bitters Accent,Angostura Aromatic Bitters,Orange Bitters,Method & Glass,Stir with dense ice until pristine and chilled; strain into chilled coupe with brandied cherry,Shake with ice; double strain into Collins glass with mint sprig
2026-11-01,Blue Blazer,Assemble Professor Jerry Thomas's 1850s pyrotechnic liquid fire cascade.,Cask-strength Scotch whisky ignited with boiling water and sugar tossed between twin silver mugs.,Created at the El Dorado gambling saloon in San Francisco; the original cocktail theatrical showpiece.,Flaming Spirit,Cask Strength Blended Scotch Whisky or Bourbon,Vodka,Hot Dilution,Boiling Water,Hot Coffee,Sweetener,Raw Sugar or Rich Demerara Syrup,Honey,Hardware & Technique,Two handled silver-plated mugs tossed back and forth in a blazing arc,Shaker tins stirred with ice,Vessel & Garnish,Pre-warmed thick-walled glass with long lemon peel twist,Chilled cocktail glass with lime wheel
2026-11-02,Gin Basil Smash,Assemble Jörg Meyer's modern German green smash sensation.,Fresh culinary basil muddled hard with lemon releases brilliant green chlorophyll and aromatic oils into gin.,Created in 2008 at Bar Le Lion in Hamburg; originally named the Gin Pesto before sweeping international cocktail bars.,Base Spirit,London Dry Gin,Vodka,Herb Element,Fresh Green Basil Leaves (10 to 12 whole),Fresh Mint Leaves,Citrus,Fresh Lemon Juice,Fresh Lime Juice,Sweetener,Rich Simple Syrup,Agave Nectar,Method & Glass,Muddle basil with lemon shake hard with ice and double strain; rocks glass with ice,Gently roll ingredients; serve in a flute without ice
2026-11-03,Southside,Build the pre-Prohibition country club mint cooler.,Gin and lime sweetened with sugar and awakened by slapped fresh spearmint.,Favored at the Southside Sportsmen's Club on Long Island and later adopted by Chicago speakeasies during the dry years.,Base Spirit,London Dry Gin,White Rum,Herb,Fresh Mint Leaves,Fresh Basil,Citrus & Sugar,Fresh Lime Juice & Simple Syrup,Grapefruit Juice & Grenadine,Bitters Optional,Dash of Aromatic Bitters,Celery Bitters,Method & Garnish,Shake with ice and fine strain; chilled coupe with floating mint leaf,Swizzle with crushed ice; highball with orange slice
2026-11-04,Sherry Cobbler,Construct the nineteenth-century straw-and-ice sensation that changed drinking culture.,Nutty fortified wine sweetened with sugar and adorned with a lush orchard of seasonal fruit.,Popularized in the 1830s; this drink popularized both commercial ice usage and the widespread adoption of drinking straws.,Primary Fortified Wine,Amontillado or Oloroso Sherry,Ruby Port,Fruit & Sugar,Muddled Orange Slices & Simple Syrup,Lime Juice & Maple Syrup,Chilling Medium,Abundant Crushed Cobbler Ice,One Large Ice Sphere,Agitation,Vigorous shake with ice,Gentle stir in glass,Vessel & Garnish,Goblet or highball packed with crushed ice berries & mint,Coupe with salted rim
2026-11-05,Ti' Punch,Assemble the minimalist Martinique national ritual where each drinker prepares their own measure.,Unaged sugarcane juice rum balanced with a coin of lime peel and dark cane syrup.,Chacun prépare sa propre mort (each prepares their own death) is the Martinique tradition of serving the bottle alongside lime and syrup.,Base Spirit,Rhum Agricole Blanc,Molasses Dark Rum,Citrus Cut,Lime Disc with Flesh and Peel,Lemon Wedge,Raw Sweetener,Sirop de Canne (Sugar Cane Syrup),Orgeat Syrup,Dilution Custom,Stirred briefly with little or no ice,Shaken vigorously with crushed ice,Service Ritual,Small un-iced glass swizzled with a bois lélé spindle,Martini glass with salted rim
2026-11-06,Black Manhattan,Build Todd Maul's modern amaro-forward revision of the classic New York formula.,Rye whiskey abandons sweet vermouth entirely in favor of dark Sicilian herbal amaro.,Created in 2005 at San Francisco's Bourbon & Branch; Amaro Averna supplies rich notes of orange peel and cola root.,Base Spirit,Straight Rye Whiskey,Bourbon Whiskey,Modifier,Amaro Averna,Sweet Vermouth,Bitters 1,Angostura Aromatic Bitters,Peychaud's Bitters,Bitters 2,Orange Bitters,Celery Bitters,Method & Garnish,Stir with ice until silky; strain into chilled coupe with brandied cherry,Shake hard with pebble ice; highball with lime wheel
2026-11-07,Trinidad Sour,Assemble Giuseppe González's radical modern classic using an entire jigger of aromatic bitters.,Aromatic bitters take center stage as the base spirit tempered by almond orgeat and rye whiskey.,Created in 2009 for the Angostura Bitters Global Cocktail Challenge; proves heavy aromatic bitters can function as a core spirit.,Unorthodox Base,Angostura Aromatic Bitters (1.5 oz),Bourbon Whiskey (1.5 oz),Nutty Sweetener,Orgeat Almond Syrup,Rich Demerara Syrup,Citrus,Fresh Lemon Juice,Fresh Lime Juice,Proof Balancer,Straight Rye Whiskey (0.5 oz),London Dry Gin (0.5 oz),Method & Glass,Shake vigorously with ice; fine strain into chilled coupe without garnish,Build over crushed ice in a highball with mint sprig
2026-11-08,Corn 'n Oil,Construct Barbados's dark and velvety tropical swizzle.,Rich aged rum floats like an oil slick over spicy spiced falernum and lime.,Originating in Bridgetown Barbados; named for the contrasting visual of dense dark rum floating atop golden spiced falernum.,Base Spirit,Blackstrap or Aged Barbados Rum,White Agricole Rum,Island Modifier,Velvet Falernum,Allspice Dram,Acid,Fresh Lime Juice,Pineapple Juice,Seasoning,Angostura Aromatic Bitters,Orange Bitters,Method & Build,Build over crushed ice in rocks glass; float rum across top with lime wheel,Shake with ice and double strain into coupe
2026-11-09,Monte Carlo,Assemble the pre-Prohibition monastic revision of the Old Fashioned.,Rye whiskey sweetened by French herbal liqueur instead of plain sugar.,First appearing in David Embury's records and 1930s European manuals; Bénédictine lends rich honey and alpine herbs.,Base Spirit,Straight Rye Whiskey,Cognac,Herbal Sweetener,Bénédictine,Yellow Chartreuse,Seasoning,Peychaud's Bitters,Angostura Orange Bitters,Dilution,Stir with solid ice block,Shake hard with crushed ice,Glass & Finish,Old Fashioned glass with ice rock and lemon peel,Coupe with maraschino cherry
2026-11-10,Morning Glory Fizz,Construct Harry Johnson's elaborate 1882 Scotch morning reviver.,Blended Scotch and citrus aerated with egg white club soda and a distinct wash of absinthe.,Published in Johnson's Bartenders' Manual; intended as an eye-opener to revive exhausted patrons before breakfast.,Base Spirit,Blended Scotch Whisky,London Dry Gin,Anise Accent,Absinthe or Pastis,Maraschino Liqueur,Citrus & Sugar,Fresh Lemon & Lime Juice with Simple Syrup,Grapefruit Juice with Honey,Texture & Fizz,Fresh Egg White shaken and topped with Club Soda,Heavy Cream topped with Ginger Ale,Glass & Garnish,Tall Fizz or Collins glass served with no ice and no garnish,Coupe with brandied cherry
2026-11-11,Vesper,Build Ian Fleming's legendary high-proof dry botanical creation.,Three measures of grain gin one of vodka and a half measure of bitter quinquina aperitif.,Invented by writer Ian Fleming in the 1953 novel Casino Royale; named after secret agent Vesper Lynd.,Primary Spirit,London Dry Gin,Bourbon Whiskey,Secondary Spirit,100-Proof Grain Vodka,White Rum,Bitter Wine Aperitif,Kina Lillet or Cocchi Americano,Sweet Red Vermouth,Temperature & Dilution,Shaken vigorously with ice until ice cold,Gently stirred without ice,Vessel & Garnish,Deep goblet or coupe with large thin lemon peel,Rocks glass with two pickled olives
2026-11-12,Alaska,Assemble the striking turn-of-the-century golden botanical classic.,Dry gin paired with sweet saffron-tinted herbal Chartreuse and orange bitters.,Appearing in Jacques Straub's 1913 book Drinks; often called a colder more austere cousin of the Yellow Daisy.,Base Spirit,London Dry or Old Tom Gin,Vodka,Monastic Modifier,Yellow Chartreuse,Green Chartreuse,Bitters,Orange Bitters,Peychaud's Bitters,Acid Touch,Expressed Lemon Peel Oils,Fresh Lime Juice,Method & Glass,Stir over dense ice; strain into chilled Nick & Nora with lemon peel,Shake with crushed ice; strain into highball glass with cherry
2026-11-13,Queen's Park Swizzle,Construct Trinidad's nineteenth-century layered swizzle masterpiece.,Demerara rum churned with mint and lime before a dark mantle of bitters is painted across the frost.,Created at the Queen's Park Hotel in Port of Spain; Trader Vic deemed it the most delightful drink on the island.,Base Spirit,Demerara or Aged Dark Rum,Light Puerto Rican Rum,Herb,Fresh Mint Leaves,Fresh Basil,Acid & Sugar,Fresh Lime Juice & Demerara Syrup,Lemon Juice & Orgeat,Aromatic Cap,Heavy Angostura Bitters Float,Blue Curaçao Float,Technique & Vessel,Swizzle with bois lélé in Collins glass with crushed ice; float bitters,Shake with ice; strain into coupe
2026-11-14,Scofflaw,Assemble the sharp 1924 Paris cocktail mocking American Prohibition lawbreakers.,Rye whiskey dry vermouth fresh lemon juice and real pomegranate grenadine.,Created at Harry's New York Bar in Paris by bartender Jock after a competition coined the term scofflaw for illegal drinkers.,Base Spirit,Straight Rye Whiskey,Cognac,Fortified Wine,Dry French Vermouth,Sweet Red Vermouth,Fruity Sweetener,Pomegranate Grenadine,Raspberry Syrup,Citrus & Seasoning,Fresh Lemon Juice & Orange Bitters,Lime Juice & Angostura Bitters,Method & Garnish,Shake hard with ice; fine strain into chilled coupe with lemon twist,Stir with ice; strain into rocks glass with orange wedge
2026-11-15,Brandy Crusta,Build Joseph Santini's 1850s New Orleans ancestor of all citrus sours.,Cognac spiced with curaçao maraschino and bitters inside a glass lined with an entire lemon peel.,Invented at New Orleans' City Exchange; this drink introduced citrus juice into the spirit-sugar-bitters cocktail formula.,Base Spirit,Cognac or French Brandy,Bourbon Whiskey,Triple Citrus Modifier,Dry Curaçao & Maraschino Liqueur,Blue Curaçao & Amaretto,Acid,Fresh Lemon Juice,Fresh Lime Juice,Vessel Architecture,Full sugar-crusted rim lined with coiled lemon peel,Salt-rimmed highball glass with lime wheel,Method,Shake with ice and strain into prepared glass,Build directly over crushed ice and swizzle
2026-11-16,Industry Sour,Assemble the modern bartender's cult equal-parts green bitter powerhouse.,Inky bitter fernet meets pungent alpine herbal Chartreuse balanced by lime and simple syrup.,Created by bartender Ted Kilgore at Taste in St. Louis as an insider handshake drink for off-duty hospitality workers.,Bitter Herbal 1,Fernet-Branca,Aperol,Bitter Herbal 2,Green Chartreuse,Yellow Chartreuse,Citrus,Fresh Lime Juice,Fresh Lemon Juice,Sweetener,Rich Simple Syrup,Agave Nectar,Method & Glass,Hard shake with ice; fine strain into chilled coupe without garnish,Stir with ice; strain into rocks glass over large block
2026-11-17,Pendennis Club Cocktail,Construct Louisville's 1930s floral stone-fruit gentleman's club classic.,Dry gin flavored with real apricot brandy Peychaud's bitters and fresh lime juice.,Born at the famous Pendennis Club in Louisville Kentucky; celebrated for balancing sweet stone fruit against bone-dry gin.,Base Spirit,London Dry Gin,Bourbon Whiskey,Fruit Brandy,Apricot Liqueur or Apricot Eau-de-Vie,Peach Schnapps,Acid,Fresh Lime Juice,Fresh Lemon Juice,Seasoning Bitters,Peychaud's Bitters,Angostura Bitters,Method & Garnish,Shake vigorously with ice; fine strain into coupe with brandied cherry,Stir with ice; strain into rocks glass with mint sprig
2026-11-18,Brooklyn,Assemble Jacob Grohusko's 1908 borough cousin of the Manhattan.,Rye whiskey tempered by dry French vermouth bitter Amer Picon and sweet maraschino.,Published in Jack's Manual; represents the drier more complex counterpart to the Manhattan's sweet vermouth profile.,Base Spirit,Straight Rye Whiskey,Blended Scotch Whisky,Fortified Wine,Dry French Vermouth,Sweet Red Vermouth,Bitter Aperitif,Amer Picon or Torani Amer,Campari,Liqueur Accent,Maraschino Liqueur,Cointreau,Method & Garnish,Stir over ice until cold and brilliant; strain into chilled coupe with brandied cherry,Shake with ice; strain into highball glass with lemon wheel
2026-11-19,Champs-Élysées,Build the luxurious 1925 Parisian herbal Cognac sour.,Fine Cognac accented by herbal Green Chartreuse fresh lemon juice and Angostura bitters.,Appearing in Harry MacElhone's 1925 ABC of Mixing Cocktails; named after the grand avenue of Paris.,Base Spirit,Cognac,Bourbon Whiskey,Herbal Modifier,Green Chartreuse,Bénédictine,Citrus,Fresh Lemon Juice,Fresh Lime Juice,Sweetener & Seasoning,Rich Simple Syrup & Angostura Bitters,Honey Syrup & Orange Bitters,Method & Garnish,Shake hard with ice; fine strain into chilled coupe with expressed lemon twist,Stir with ice; strain into rocks glass with mint sprig
2026-11-20,De La Louisiane,Construct the decadent 1880s Creole restaurant Manhattan variation.,Equal parts rye sweet vermouth and Bénédictine seasoned with Creole bitters and absinthe.,Served at Restaurant de la Louisiane in New Orleans; richer and more unctuous than the neighboring Vieux Carré.,Base Spirit,Straight Rye Whiskey,Cognac,Fortified Wine,Sweet Red Vermouth,Dry White Vermouth,Herbal Liqueur,Bénédictine,Yellow Chartreuse,Seasoning Duet,Peychaud's Bitters & Absinthe dashes,Angostura Bitters & Orange Flower Water,Method & Garnish,Stir with solid ice; strain into chilled cocktail coupe with brandied cherry,Shake with ice; double strain into rocks glass with lemon twist
2026-11-21,Japanese Slipper,Assemble the luminous neon-green 1980s Australian sour classic.,Equal parts sweet melon liqueur orange triple sec and fresh lemon juice.,Invented in 1984 by Jean-Paul Bourguignon at Melbourne's Mietta's Restaurant; an iconic testament to 1980s liqueur culture.,Sweet Melon Spirit,Midori Melon Liqueur,Green Chartreuse,Orange Modifier,Cointreau or Triple Sec,Blue Curaçao,Citrus,Fresh Lemon Juice,Fresh Lime Juice,Balance Ratio,Equal parts shake,Heavy spirit base with barspoon modifier,Method & Garnish,Shake hard with ice; fine strain into chilled cocktail glass with maraschino cherry,Stir over ice; strain into highball with cucumber slice
2026-11-22,Oaxacan Old Fashioned,Build Phil Ward's landmark 2007 agave split-base pioneer.,Reposado tequila cut with smoky mezcal sweetened with agave nectar and Angostura.,Created at Death & Co in New York City; catalyzed the worldwide appreciation of artisanal mezcal in classic cocktails.,Primary Agave,Reposado Tequila,Blanco Tequila,Smoky Accent,Mezcal Espadín,Isle of Islay Single Malt,Sweetener,Agave Nectar,Demerara Sugar Cube,Seasoning,Angostura Aromatic Bitters,Orange Bitters,Method & Finish,Stir with ice; strain over large ice rock with flamed orange twist,Shake with ice; dirty pour into coupe with salted rim
2026-11-23,Twelve Mile Limit,Assemble Tommy Millard's lethal 1934 multi-spirit Prohibition high flyer.,Rye whiskey white rum and Cognac bound with pomegranate grenadine and fresh lemon juice.,Created during American Prohibition to celebrate passing beyond the coastal 12-mile jurisdiction into international waters.,Spirit Triad,White Rum + Straight Rye Whiskey + Cognac,Vodka + London Dry Gin + Tequila,Fruit Sweetener,Pomegranate Grenadine,Raspberry Syrup,Citrus,Fresh Lemon Juice,Fresh Lime Juice,Proof Structure,Equal parts spirits shaken with tart fruit,Heavy bourbon base stirred with dry wine,Method & Glass,Shake vigorously with ice; fine strain into chilled cocktail coupe with lemon peel,Build in tall chimney glass with crushed ice
2026-11-24,Pousse-Café,Construct the delicate nineteenth-century liquid rainbow of specific gravity.,Multiple liqueurs layered in ascending order of sugar density without disturbing boundaries.,Popular in nineteenth-century French and American salons; requires steady hands and a barspoon to layer liquid densities.,Base Layer (Densest),Grenadine or Crème de Cassis,Vodka,Middle Layer 1 (Medium),Crème de Violette or Yellow Chartreuse,Dry French Vermouth,Middle Layer 2 (Lighter),Green Chartreuse or Curaçao,Bourbon Whiskey,Crown Layer (Lightest),Overproof Rum or Cognac,Heavy Cream,Technique & Glass,Pour each component slowly down the twisted stem of a barspoon into a cordial glass,Vigorous dry shake; double strain into highball glass
2026-11-25,Bobby Burns,Assemble the smoky and sweet Scottish literary tribute.,Blended Scotch whisky paired with Italian sweet vermouth and a rich touch of herbal Bénédictine.,Documented in the 1900s and immortalized in Harry Craddock's 1930 Savoy book honoring Scotland's national poet.,Base Spirit,Blended Scotch Whisky,Bourbon Whiskey,Fortified Wine,Sweet Red Vermouth,Dry Vermouth,Herbal Touch,Bénédictine,Drambuie,Seasoning,Peychaud's or Angostura Bitters,Celery Bitters,Method & Garnish,Stir over ice until cold and silky; strain into chilled coupe with shortbread or lemon peel,Shake with crushed ice; highball with mint sprig
2026-11-26,Caipirinha,Construct Brazil's vibrant muddled national cocktail.,Fresh lime wedges and raw granulated sugar are crushed together before receiving fiery sugarcane spirit.,Codified by Brazilian federal law; originated in São Paulo state around 1918 as a traditional tonic during the Spanish flu outbreak.,Base Spirit,Cachaça,White Puerto Rican Rum,Citrus Component,Whole Fresh Lime Wedges (Muddled),Bottled Lime Juice,Sweetener,Granulated White Sugar,Agave Nectar,Agitation & Ice,Muddle citrus with sugar add crushed ice and churn vigorously,Shake with cubed ice and fine strain,Glass & Presentation,Short rocks glass unstrained with spent lime wedges,Chilled coupe with salted rim
2026-11-27,Singapore Sling,Assemble Ngiam Tong Boon's legendary 1915 colonial hotel punch.,Gin accented by cherry liqueur herbal Bénédictine and frothy pineapple juice.,Created at the Long Bar inside Raffles Hotel Singapore to allow women to drink alcohol in public disguised as fruit juice.,Base Spirit,London Dry Gin,Vodka,Liqueur Pair,Cherry Heering & Bénédictine,Maraschino & Yellow Chartreuse,Juice Blend,Fresh Pineapple Juice & Fresh Lime Juice,Orange Juice & Grapefruit Juice,Accent & Lengthener,Cointreau Grenadine & Club Soda,Blue Curaçao & Tonic Water,Method & Glass,Shake vigorously with ice; strain into tall hurricane glass with cherry & pineapple slice,Stir over ice; strain into rocks glass with orange wheel
2026-11-28,New York Sour,Build the stunning two-toned nineteenth-century whiskey sour topped with crimson wine.,Bourbon and lemon juice sweetened with simple syrup crowned with a slow-floating layer of dry red wine.,Dating to Chicago in the 1880s as the Continental Sour; Manhattan bartenders popularized the distinctive claret wine float.,Base Spirit,Bourbon or Rye Whiskey,Blended Scotch Whisky,Citrus & Sugar,Fresh Lemon Juice & Simple Syrup,Lime Juice & Grenadine,Frothing Agent (Optional),Fresh Egg White,Heavy Cream,Floating Topper,Dry Fruity Red Wine (Claret or Shiraz),Sweet Port Wine,Method & Glass,Shake sour base with ice strain into rocks glass over fresh ice and float red wine over a barspoon,Stir all ingredients together and strain into a flute
2026-11-29,Gibson,Construct the stark and savory dry gin classic distinguished by an allium garnish.,Bone-dry gin and French vermouth chilled crystalline cold and accented by pickled pearl onions.,Attributed to San Francisco's Bohemian Club in the 1890s; onion brine subtly seasons the austere spirit profile.,Base Spirit,London Dry Gin,Vodka,Fortified Wine,Dry French Vermouth,Sweet Red Vermouth,Savory Garnish,Pickled Cocktail Onion,Pimento-Stuffed Olive,Aromatic Touch,Expressed Lemon Peel (Discarded),Orange Bitters,Method & Glass,Stir with solid ice until frigid; strain into chilled martini glass with onion skewer,Shake hard with crushed ice; highball with celery stalk
2026-11-30,Painkiller,Assemble the British Virgin Islands creamy overproof tiki staple.,Rich navy rum blended with pineapple orange juice and luscious coconut cream dusted with fragrant spice.,Created in the 1970s at the Soggy Dollar Bar on Jost Van Dyke where patrons swam ashore through surf to order it.,Base Spirit,Pusser's Navy Rum,Light Agricole Rum,Tropical Juices,Fresh Pineapple Juice & Orange Juice,Grapefruit Juice & Passion Fruit Puree,Rich Component,Cream of Coconut,Evaporated Milk,Signature Finish,Freshly Grated Whole Nutmeg,Cinnamon Stick,Method & Glass,Shake hard with ice; pour unstrained into highball glass packed with crushed ice,Stir over large cubes; strain into chilled coupe
2026-12-01,White Russian,Assemble the creamy mid-century vodka and coffee cordial classic.,Vodka and dark coffee liqueur layered beneath a cold unmixed blanket of heavy cream.,An evolution of the 1949 Black Russian; immortalized in modern pop culture as the quintessential comfort cocktail.,Base Spirit,Vodka,Bourbon Whiskey,Coffee Component,Coffee Liqueur (Kahlúa),Espresso Concentrate,Dairy Crown,Heavy Whipping Cream,Whole Milk,Service Technique,Build over ice and gently float cream across the top without stirring,Shake all ingredients with ice and double strain,Glass & Presentation,Old Fashioned glass with fresh ice cubes,Chilled coupe with cocoa dust
2026-12-02,Adonis,Build the low-proof Victorian Broadway homage of sherry and Italian vermouth.,Nutty dry sherry and herbal sweet vermouth harmonized with aromatic orange bitters.,Created in 1884 at the Hoffman House in New York City to celebrate the record-breaking run of the musical burlesque Adonis.,Primary Fortified Wine,Fino or Manzanilla Sherry,Madeira,Secondary Fortified Wine,Sweet Red Vermouth,Dry Vermouth,Seasoning Bitters,Orange Bitters,Angostura Aromatic Bitters,Aromatic Garnish,Expressed Orange Twist,Maraschino Cherry,Method & Glass,Stir over dense ice until crystalline; strain into chilled Nick & Nora,Shake hard with crushed ice; serve in copper mug
2026-12-03,French Martini,Assemble the opulent 1980s black raspberry and pineapple cocktail lounge icon.,Vodka shaken with sweet French black raspberry liqueur and fresh pineapple juice until a dense froth forms.,Created in late 1980s New York City at Keith McNally's Pravda; heralded the boom of fruity nineties martini variations.,Base Spirit,Vodka,London Dry Gin,Berry Modifier,Chambord Black Raspberry Liqueur,Crème de Cassis,Juice Element,Fresh Pineapple Juice,Cranberry Juice,Texture Secret,Hard aeration shake to develop rich pineapple crema,Gentle stir with ice to prevent clouding,Glass & Garnish,Chilled Martini glass with expressed lemon twist,Rocks glass with cucumber wheel
2026-12-04,Missionary's Downfall,Construct Don the Beachcomber's 1940s frosty blended mint and peach paradise.,Light rum blended with fresh spearmint leaves peach brandy honey and fresh lime into a pale green slush.,Created in Hollywood by Donn Beach; designed as a deceptive tropical cooler that masked its alcohol potency completely.,Base Spirit,Light Cuban-Style Rum,Dark Jamaican Rum,Fruit Brandy,Peach Liqueur or Peach Brandy,Apricot Brandy,Herb & Acid,Abundant Fresh Spearmint & Fresh Lime Juice,Basil & Lemon Juice,Sweetener,Honey Mix (Equal Parts Honey and Water),Orgeat Syrup,Method & Presentation,Flash blend with crushed ice until frappe texture; pour into coupe with mint bouquet,Stir over hand-cut ice rock; serve in rocks glass with orange peel
2026-12-05,Lucien Gaudin,Assemble the sophisticated 1920s Parisian dry aperitif named after an Olympic fencing champion.,London Dry gin dry French vermouth Campari and Cointreau balanced in crisp harmony.,Named for French fencing maestro Lucien Gaudin who won two gold medals at the 1928 Amsterdam Olympic Games.,Base Spirit,London Dry Gin,Blended Scotch Whisky,Bitter Aperitivo,Campari,Aperol,Citrus Modifier,Cointreau,Maraschino Liqueur,Dry Fortified Wine,Dry French Vermouth,Sweet Red Vermouth,Method & Garnish,Stir with ice until exceptionally cold; strain into coupe with orange twist,Shake with crushed ice; strain into highball glass with lime wedge
2026-12-06,Corpse Reviver No. 1,Build the 1930 Savoy spirituous orchard morning bracer.,Fine Cognac matched with apple brandy and rounded out by rich Italian sweet vermouth.,Published in Harry Craddock's 1930 Savoy Cocktail Book; prescribed to be drunk before 11 a.m. or whenever steam is needed.,Primary Spirit,Cognac or French Brandy,London Dry Gin,Orchard Spirit,Calvados or Applejack,Peach Eau-de-Vie,Fortified Wine,Sweet Red Vermouth,Dry French Vermouth,Seasoning (Optional),Dash of Aromatic Bitters,Orange Flower Water,Method & Glass,Stir over ice until cold and velvety; strain into chilled cocktail glass with apple slice,Hard shake with ice; fine strain into flute with lemon twist
2026-12-07,Improved Whiskey Cocktail,Construct Jerry Thomas's 1876 aristocratic upgrade to the original cocktail formula.,Rye whiskey sweetened with gum syrup and enhanced by dashes of maraschino liqueur absinthe and Boker's bitters.,Appearing in Thomas's 1876 Bartenders' Guide; improved drinks added European cordials to the primitive spirit-sugar-bitters spec.,Base Spirit,Straight Rye or Bourbon Whiskey,Blended Scotch Whisky,Sweetener,Rich Gum (Gomme) Syrup,Maple Syrup,Bitters,Boker's or Angostura Bitters,Orange Bitters,Micro Modifiers,Maraschino Liqueur & Absinthe (1 dash each),Blue Curaçao & Pastis,Method & Garnish,Stir with dense ice block; strain into chilled Old Fashioned glass with expressed lemon peel,Shake with crushed ice; highball with lime wheel
2026-12-08,Red Snapper,Assemble the gin-based mid-century St. Regis predecessor to the modern vodka classic.,London Dry gin seasoned with spicy tomato juice fresh lemon celery salt and Worcestershire.,Pioneered at the King Cole Bar in New York's St. Regis Hotel when American guests preferred gin over imported Russian vodka.,Base Spirit,London Dry Gin,Vodka,Juice Core,Tomato Juice,Clamato Juice,Acid & Salt,Fresh Lemon Juice & Celery Salt,Lime Juice & Table Salt,Savory Modifiers,Worcestershire Sauce Tabasco & Black Pepper,Soy Sauce & Horseradish,Method & Glass,Roll gently back and forth between mixing tins with ice; highball glass with lemon & celery,Vigorous dry shake; coupe glass with salted rim
2026-12-09,Halekulani Cocktail,Construct the legendary 1930s Waikiki luxury hotel bourbon sour.,Bourbon married with pineapple orange juice pomegranate grenadine and a whisper of Angostura bitters.,Created at the House Without a Key lounge inside Honolulu's iconic Halekulani Hotel during the golden age of steamship travel.,Base Spirit,Straight Bourbon Whiskey,Dark Jamaican Rum,Tropical Juices,Fresh Pineapple Juice & Fresh Orange Juice,Grapefruit Juice & Guava Juice,Acid,Fresh Lemon Juice,Fresh Lime Juice,Sweetener & Seasoning,Pomegranate Grenadine & Angostura Bitters,Orgeat & Orange Bitters,Method & Garnish,Shake hard with ice; fine strain into chilled coupe with edible orchid or lemon wheel,Build over crushed ice in a highball with mint sprig
2026-12-10,Liberal Cocktail,Build George Kappeler's 1895 bitter orange and whiskey political classic.,Spicy rye whiskey and sweet vermouth sharpened by bitter Amer Picon and orange bitters.,Published in Kappeler's Modern American Drinks; named in honor of open-minded drinkers who embraced complex European bitters.,Base Spirit,Straight Rye Whiskey,Bourbon Whiskey,Fortified Wine,Sweet Red Vermouth,Dry French Vermouth,Bitter Modifier,Amer Picon or Torani Amer,Campari,Bitters Accent,Orange Bitters,Peychaud's Bitters,Method & Glass,Stir with ice until chilled and crystalline; strain into chilled coupe with brandied cherry,Shake with ice; strain into rocks glass over crushed ice with orange wedge
2026-12-11,Fog Cutter,Assemble Trader Vic's notorious high-octane 1940s multi-spirit tropical reviver.,White rum Cognac and gin shaken with citrus and nutty orgeat finished with a rich sherry float.,Created by Victor Bergeron who warned that after two of these you'll need a pilot to cut your way through the fog.,Spirit Trio,Light Rum + Cognac + London Dry Gin,Bourbon + Vodka + Tequila,Citrus Blend,Fresh Lemon Juice & Fresh Orange Juice,Grapefruit Juice & Lime Juice,Nut Modifier,Orgeat Almond Syrup,Simple Syrup,Crown Float,Cream or Oloroso Sherry,Overproof Rum,Method & Glass,Shake spirits citrus and orgeat with ice; strain into tall tiki mug with crushed ice and float sherry,Stir over ice; strain into coupe without garnish
2026-12-12,Turf Club,Construct the 1884 gentlemen's betting club botanical masterpiece.,Old Tom gin paired with dry French vermouth sweet maraschino orange bitters and an elusive absinthe rinse.,Originating at the Turf Club in New York; one of the earliest documented cocktails to bridge gin dry vermouth and bitters.,Base Spirit,Old Tom Gin,London Dry Gin,Fortified Wine,Dry French Vermouth,Sweet Red Vermouth,Liqueur Accent,Maraschino Liqueur,Cointreau,Aromatic Seasoning,Orange Bitters & Absinthe Dash,Angostura & Celery Bitters,Method & Garnish,Stir with ice until frigid; strain into chilled coupe with expressed lemon twist,Shake with crushed ice; highball with lime wheel
2026-12-13,Tequila Sunrise,Assemble the vibrant 1970s layered rock-and-roll California highball.,Blanco tequila and sweet orange juice layered over dense red pomegranate syrup.,Invented by Bobby Lozoff and Billy Rice at the Trident in Sausalito; made famous across stadiums by The Rolling Stones' 1972 tour.,Base Spirit,Blanco or Reposado Tequila,Mezcal,Citrus Juice,Freshly Squeezed Orange Juice,Grapefruit Juice,Dense Syrup,Pomegranate Grenadine,Raspberry Cordial,Method Architecture,Pour tequila and juice over ice then gently drizzle grenadine down the inside to settle on the bottom,Shake all ingredients with ice and double strain,Glass & Garnish,Highball or Collins glass with orange wheel & maraschino cherry,Chilled coupe with salt rim
2026-12-14,Pink Lady,Build the pre-Prohibition pink velvet applejack and gin sour.,Dry gin and applejack shaken with fresh lemon juice pomegranate grenadine and raw egg white.,Popularized in the 1930s; named after the 1911 Broadway musical starring Hazel Dawn who made the rosy drink famous.,White Spirit,London Dry Gin,Vodka,Orchard Spirit,Bonded Applejack or Calvados,Peach Schnapps,Citrus & Color,Fresh Lemon Juice & Pomegranate Grenadine,Lime Juice & Cranberry Juice,Texture Foam,Fresh Egg White,Heavy Cream,Method & Glass,Dry shake without ice then wet shake hard; fine strain into chilled coupe with maraschino cherry,Build over ice and swizzle with crushed ice
2026-12-15,Harvard Cocktail,Construct George Kappeler's 1895 Ivy League brandy and vermouth tribute.,Fine Cognac and Italian sweet vermouth seasoned with aromatic bitters and topped with an effervescent splash.,Created at New York's Hoffman House honoring Harvard University; balanced between rich grape spirit and herbal vermouth.,Base Spirit,Cognac or French Brandy,Rye Whiskey,Fortified Wine,Sweet Red Vermouth,Dry French Vermouth,Seasoning,Angostura Aromatic Bitters,Peychaud's Bitters,Effervescent Accent,Splash of Chilled Club Soda,Ginger Beer,Method & Garnish,Stir Cognac vermouth and bitters with ice; strain into chilled cocktail glass and top with soda splash,Shake with crushed ice; highball with lemon wheel
2026-12-16,Tailspin,Assemble Robert Vermeire's 1922 spiraling herbal cousin of the Bijou.,London Dry gin sweet vermouth and Green Chartreuse stirred cold and presented with a Campari rinse and lemon spiral.,Appearing in Cocktails: How to Mix Them; the lemon peel twist coiled in the glass resembles a spiraling aircraft tailspin.,Base Spirit,London Dry Gin,Bourbon Whiskey,Fortified Wine,Sweet Red Vermouth,Dry Vermouth,Alpine Modifier,Green Chartreuse,Yellow Chartreuse,Glass Preparation,Campari Rinse,Absinthe Rinse,Method & Garnish,Stir with ice; strain into rinsed coupe with an elongated lemon twist spiral and brandied cherry,Shake with ice; strain over crushed ice in copper mug
2026-12-17,Income Tax Cocktail,Build the sardonic 1920s April tax-deadline restorative.,Dry gin dry vermouth and sweet vermouth brightened with fresh orange juice and Angostura bitters.,Appearing in Cocktails by Jimmy of Ciro's in 1930; an evolution of the Bronx Cocktail designed to soften the blow of taxation.,Base Spirit,London Dry Gin,Vodka,Dry Wine Element,Dry French Vermouth,White Port,Sweet Wine Element,Sweet Red Vermouth,Lillet Blanc,Citrus & Bitters,Fresh Orange Juice & Angostura Bitters,Lemon Juice & Orange Bitters,Method & Glass,Shake vigorously with ice; double strain into chilled coupe with orange peel,Stir over ice; strain into highball glass over crushed ice
2026-12-18,Green Swizzle,Construct the fabled nineteenth-century Barbadian wormwood and falernum legend.,White rum spiced falernum and lime churned with crushed ice and colored emerald green with wormwood bitters or mint.,Praised by Victorian travelers across the West Indies; famous for its distinctive green hue and the spinning wooden bois lélé.,Base Spirit,Barbados White Rum,Cachaça,Island Spice,Velvet Falernum,Allspice Dram,Acid,Fresh Lime Juice,Lemon Juice,Green Bittering,Wormwood Bitters or Crème de Menthe,Blue Curaçao,Method & Vessel,Churn vigorously with a bois lélé swizzle stick in a Collins glass packed with crushed ice,Hard shake with cubed ice and fine strain into coupe
2026-12-19,Modern Cocktail,Assemble Charlie Mahoney's 1900 Manhattan Club Scotch and Jamaican rum marvel.,Blended Scotch whisky matched with Jamaican dark rum absinthe lemon juice and pomegranate grenadine.,Created by Charlie Mahoney at New York's prestigious Manhattan Club; daringly married smoky Scotch with funk-forward rum.,Primary Spirit,Blended Scotch Whisky,Bourbon Whiskey,Secondary Spirit,Dark Jamaican Pot Still Rum,Cognac,Citrus & Sweetener,Fresh Lemon Juice & Pomegranate Grenadine,Lime Juice & Simple Syrup,Aromatic Accents,Absinthe (1 dash) & Angostura Bitters,Orange Flower Water & Peychaud's Bitters,Method & Garnish,Shake hard with ice; fine strain into chilled cocktail coupe with maraschino cherry,Stir over ice rock in Old Fashioned glass with orange peel
2026-12-20,Three Dots and a Dash,Construct Don the Beachcomber's WWII victory Morse-code tropical standard.,Aged rhum agricole and dark rum paired with falernum pimento dram and honey.,Created in Hollywood during World War II; the three cherries and pineapple frond represent the Morse code for V for Victory.,Rum Duo,Aged Martinique Rhum Agricole & Blended Dark Rum,White Puerto Rican Rum & Coconut Rum,Island Spices,Velvet Falernum & Allspice Dram (Pimento),Orgeat & Blue Curaçao,Citrus & Sweetener,Fresh Lime Juice & Honey Syrup,Lemon Juice & Grenadine,Bitters Accent,Angostura Aromatic Bitters,Orange Bitters,Method & Garnish,Flash blend with crushed ice; highball with three brandied cherries on a pick and one pineapple frond,Stir with ice block; chilled coupe with lime wheel
2026-12-21,Between the Sheets,Assemble Harry MacElhone's 1930s split-base Parisian luxury sour.,Cognac and light rum meet orange curaçao and fresh lemon juice in equal measure.,Published in Harry's ABC of Mixing Cocktails; designed as a racier spirituous spin on the Sidecar.,Base Spirit 1,Cognac or French Brandy,Bourbon Whiskey,Base Spirit 2,White Cuban-Style Rum,London Dry Gin,Citrus Modifier,Cointreau or Triple Sec,Maraschino Liqueur,Acid,Fresh Lemon Juice,Fresh Lime Juice,Method & Glass,Shake vigorously with ice; fine strain into chilled coupe with lemon twist,Stir with ice; strain into rocks glass over large cube
2026-12-22,Godfather,Build the minimalist 1970s cinematic scotch and almond duo.,Blended Scotch whisky softened by the sweet marzipan notes of Italian amaretto.,Named after the iconic 1972 Francis Ford Coppola film; favored for its unpretentious spirit-forward sweetness.,Base Spirit,Blended Scotch Whisky,Bourbon Whiskey,Almond Liqueur,Disaronno Amaretto,Frangelico Hazelnut Liqueur,Build Architecture,Equal parts or two-to-one pour directly over solid ice,Shaken hard with crushed ice and double strained,Dilution Control,Gently stir in the glass for fifteen seconds,Swizzle vigorously until outside frosts,Glass & Garnish,Rocks glass with a large clear ice cube and expressed orange peel,Cocktail coupe with maraschino cherry
2026-12-23,Blackthorn Cocktail,Assemble Harry Johnson's 1900 tart sloe gin and sweet vermouth classic.,Tart English sloe gin married to aromatic Italian vermouth and brightened with citrus bitters.,Appearing in Johnson's Bartenders' Manual; the British botanical ancestor before Irish whiskey variants took the name.,Base Spirit,Sloe Gin,London Dry Gin,Fortified Wine,Sweet Red Vermouth,Dry French Vermouth,Aromatic Bitters,Boker's or Angostura Bitters,Celery Bitters,Citrus Accent,Orange Bitters & Lemon Peel Oil,Lime Juice,Method & Glass,Stir over dense ice until crystalline; strain into chilled cocktail glass with lemon twist,Shake hard with crushed ice; highball with mint bouquet
2026-12-24,Tom and Jerry,Construct Professor Jerry Thomas's 1860s warm holiday batter punch.,Rich dark rum and Cognac folded into a spiced whipped-egg batter and scalded with hot milk.,Created in the nineteenth century; saloons hung festive Tom and Jerry ceramic bowls to mark the arrival of winter.,Spirit Foundation,Dark Rum & Cognac,Bourbon & Scotch,Batter Core,Spiced Egg Batter (Whipped Whites Yolks Sugar & Allspice),Heavy Cream & Maple Syrup,Hot Lengthener,Boiling Milk or Water,Hot Brewed Coffee,Spice Crown,Freshly Grated Whole Nutmeg,Cinnamon Stick,Method & Vessel,Fold spirits into batter in pre-warmed ceramic mug and top with hot liquid; stir gently,Shake with ice and strain into chilled coupe
2026-12-25,Brandy Alexander,Assemble the indulgent 1920s dessert sour crowned with aromatic spice.,Cognac dark crème de cacao and chilled heavy cream shaken into a decadent silk foam.,Evolving from the gin-based 1915 Alexander; became the international standard for post-dinner cream cocktails.,Base Spirit,Cognac or French Brandy,London Dry Gin,Sweet Modifier,Dark Crème de Cacao,White Crème de Menthe,Dairy Element,Heavy Whipping Cream,Whole Milk,Aromatic Finish,Freshly Grated Whole Nutmeg,Cocoa Powder,Method & Glass,Hard shake with ice; fine strain into chilled coupe,Stir over ice; strain into rocks glass over crushed ice
2026-12-26,Fernet Con Coca,Construct Argentina's beloved national highball phenomenon.,Assertive herbal fernet tamed by effervescent dark cola over abundant ice.,Born in Córdoba in the 1980s; represents over seventy percent of all fernet consumed across the globe.,Bitter Digestif,Fernet-Branca,Amaro Lucano,Carbonated Mixer,Coca-Cola,Club Soda,Ratio Balance,Three parts cola to one part bitter digestif,Equal parts build,Service Architecture,Build directly over towering chimney ice cubes and stir once,Shake with ice and double strain,Glass & Garnish,Tall highball or cut-off plastic bottle with lemon wheel (optional),Chilled coupe with brandied cherry
2026-12-27,Port Light,Assemble the 1961 Columbus Ohio tropical bourbon masterpiece.,Bourbon paired with sweet passion fruit syrup lemon juice and frothy egg white.,Invented at the famous Kahiki Supper Club; proved American whiskey could thrive in mid-century Polynesian mixology.,Base Spirit,Straight Bourbon Whiskey,Dark Jamaican Rum,Tropical Sweetener,Passion Fruit Syrup,Orgeat Almond Syrup,Acid,Fresh Lemon Juice,Fresh Grapefruit Juice,Foam Texture,Fresh Egg White,Heavy Cream,Method & Glass,Flash blend with crushed ice; pour into Collins glass and crown with crushed ice & cherry,Stir over ice block; strain into rocks glass with orange peel
2026-12-28,Death in the Afternoon,Build Ernest Hemingway's lethal two-ingredient Parisian literary reviver.,Pungent green absinthe dripped into a flute and topped with dry sparkling wine until opalescent.,Contributed by Hemingway to the 1935 book So Red the Nose; he instructed drinkers to drink three to five slowly.,Herbal Foundation,Absinthe,Green Chartreuse,Effervescent Crown,Brut Champagne,Club Soda,Visual Transformation,Natural louche turns the liquid milky and opalescent,Clear crystalline dilution,Temperature Technique,Pour chilled sparkling wine slowly over cold absinthe without ice,Shake hard with crushed ice and dirty pour,Glassware,Chilled Champagne flute or coupe without garnish,Copper mug with mint sprig
2026-12-29,Vanderbilt Cocktail,Construct the Gilded Age luxury brandy and cherry cordial tribute.,Fine Cognac accented by sweet cherry brandy aromatic bitters and a dash of simple syrup.,Appearing in Jacques Straub's 1913 manual Drinks; named in honor of New York's famous railroad and shipping dynasty.,Base Spirit,Cognac or French Brandy,Straight Rye Whiskey,Fruit Cordial,Cherry Heering or Cherry Brandy,Maraschino Liqueur,Sweetener,Rich Simple Syrup,Demerara Sugar Cube,Seasoning,Angostura Aromatic Bitters,Orange Bitters,Method & Glass,Stir with solid ice until frigid and silky; strain into chilled Nick & Nora with brandied cherry,Shake with ice; strain into highball glass over crushed ice
2026-12-30,Bicicletta,Assemble the breezy Lombardy café aperitivo of bitter amaro and white wine.,Bitter Italian red liqueur and dry white wine topped with effervescent soda over ice.,Named after the elderly gentlemen who wobbled home on bicycles after enjoying several glasses at the local piazza café.,Bitter Aperitivo,Campari,Aperol,Still Wine,Dry Italian White Wine (Pinot Grigio),Dry Prosecco,Effervescence,Splash of Club Soda,Tonic Water,Service Ice,Abundant Cubed Ice,Crushed Ice,Method & Garnish,Build directly in ice-filled wine glass; stir gently and garnish with lemon wheel,Shake with ice; strain into coupe with green olive
2026-12-31,Airmail,Construct the celebratory 1930s Cuban sparkling rum high-flyer.,Gold rum lime juice and rich honey syrup shaken cold and topped with brut Champagne.,Published in the 1930 Bacardi manual; named after the modern airmail postal service connecting Havana to the world.,Base Spirit,Aged Gold Cuban Rum,London Dry Gin,Sweetener,Honey Syrup (2:1 Wildflower Honey and Water),Simple Syrup,Acid,Fresh Lime Juice,Fresh Lemon Juice,Sparkling Cap,Brut Champagne,Club Soda,Method & Garnish,Shake rum lime and honey with ice; strain into flute or highball and top with bubbles; mint tip or postage stamp,Stir with ice; strain into rocks glass with orange twist
2027-01-01,Pickleback,Execute the quintessential twenty-first-century Brooklyn bartender handshake.,A neat shot of bold whiskey chased immediately by a savory shot of cold pickle brine.,Pioneered in 2006 by bartender Reggie O'Hare at the Bushwick Country Club in Brooklyn using McClure's brine.,Pour One (Spirit),Shot of Straight Rye or Irish Whiskey,Shot of Blanco Tequila,Pour Two (Chaser),Chilled Kosher Dill Pickle Brine,Olive Brine,Service Arrangement,Two distinct shot glasses served side-by-side,Stirred together in a rocks glass with ice,Consumption Ritual,Drink spirit neat then immediately swallow the acidic savory chaser,Sip slowly through a straw,Garnish Accent,Miniature cocktail pickle on a pick,Lime wedge with salt
2027-01-02,Chet Baker,Assemble Sam Ross's moody modern rum and artichoke amaro tribute.,Aged dark rum and sweet vermouth deepened with Italian artichoke amaro and honey.,Created in the late 2000s at Milk & Honey NYC; named for the melancholy jazz trumpeter and vocalist.,Base Spirit,Aged Jamaican or Venezuelan Rum,Bourbon Whiskey,Bitter Amaro,Cynar (Artichoke Amaro),Amaro Nonino,Fortified Wine,Sweet Red Vermouth,Dry French Vermouth,Sweetener & Seasoning,Honey Syrup & Angostura Bitters,Demerara Syrup & Orange Bitters,Method & Finish,Stir with ice in a mixing glass; strain over a large rock with expressed orange twist,Shake with ice; double strain into a chilled coupe with lemon wheel
2027-01-03,East India Cocktail,Construct Harry Johnson's opulent 1882 French brandy and pineapple showpiece.,Cognac seasoned with curaçao maraschino liqueur pineapple syrup and Boker's bitters.,Published in the 1882 Bartenders' Manual; showcases Victorian mixology's affinity for tropical accents in stirred brandy drinks.,Base Spirit,Cognac or French Brandy,Straight Rye Whiskey,Citrus Modifier,Dry Curaçao,Cointreau,Fruit Sweetener,Pineapple Syrup,Orgeat Almond Syrup,Seasoning Accents,Maraschino Liqueur & Boker's Bitters,Pastis & Peychaud's Bitters,Method & Glass,Stir over ice until cold and velvety; strain into chilled cocktail glass with brandied cherry,Shake hard with crushed ice; highball with lime wheel
2027-01-04,Silver Fizz,Assemble the airy nineteenth-century egg-white gin cooler.,London Dry gin lemon juice and simple syrup aerated with raw egg white and elongated with soda.,Part of the classic Jerry Thomas fizz family; the albumen creates a dense white head without dairy richness.,Base Spirit,London Dry Gin,Vodka,Citrus & Sugar,Fresh Lemon Juice & Simple Syrup,Lime Juice & Grenadine,Frothing Agent,Fresh Egg White,Heavy Cream,Effervescent Topper,Chilled Club Soda,Ginger Ale,Method & Vessel,Shake vigorously without ice then shake hard with ice; strain into chilled Collins glass without ice and top with soda,Build over ice and swizzle directly in glass
2027-01-05,Dunhill Cocktail,Construct the dry 1930s Mayfair tobacconist botanical classic.,Gin dry vermouth orange curaçao and dashes of absinthe stirred until crystalline.,Documented in European bar guides of the 1930s; crafted to reflect the refined taste of London's elite cigar and tobacco patrons.,Base Spirit,London Dry Gin,Blended Scotch Whisky,Fortified Wine,Dry French Vermouth,Sweet Red Vermouth,Orange Liqueur,Dry Orange Curaçao,Blue Curaçao,Anise Dimension,Absinthe (2 dashes),Peychaud's Bitters,Method & Garnish,Stir over solid ice until frigid; strain into chilled Nick & Nora with lemon coin,Shake with crushed ice; strain into highball glass with orange wheel
2027-01-06,Jockey Club,Assemble the aristocratic 1930 Savoy gin and stone-fruit classic.,Dry gin paired with sweet almond crème de noyaux lemon juice and aromatic bitters.,Published in Harry Craddock's 1930 Savoy Cocktail Book; named after the governing body of British horse racing.,Base Spirit,London Dry Gin,Bourbon Whiskey,Stone-Fruit Liqueur,Crème de Noyaux (Apricot-Almond Kernel Liqueur),Amaretto Disaronno,Citrus,Fresh Lemon Juice,Fresh Lime Juice,Bitters Accent,Angostura Aromatic Bitters,Celery Bitters,Method & Glass,Shake vigorously with ice; fine strain into chilled cocktail coupe with maraschino cherry,Stir over ice; strain into rocks glass over large block
2027-01-07,Pisco Punch,Build Duncan Nicol's fabled nineteenth-century San Francisco bank-vault punch.,Peruvian pisco sweetened with secret pineapple-infused gum syrup and fresh lemon juice.,Invented at the Bank Exchange Saloon in the late 1800s; Mark Twain and Rudyard Kipling praised its intoxicating smoothness.,Base Spirit,Peruvian Pisco (Italia or Quebranta),Cachaça,Signature Sweetener,Pineapple Gum Syrup (Pineapple Infused in Gomme Syrup),Simple Syrup,Acid,Fresh Lemon Juice,Fresh Lime Juice,Lengthener & Dilution,Cold Still Spring Water,Club Soda,Method & Garnish,Shake hard with ice; fine strain into chilled wine glass or coupe with fresh pineapple wedge,Build in copper mug over crushed ice with mint sprig
2027-01-08,Mother-in-Law Cocktail,Assemble New Orleans' lost pre-Prohibition seven-bottle cocktail symphony.,Bourbon fortified with curaçao maraschino Amer Picon and an assertive trio of bitters.,A legendary Crescent City formula recorded in antique notebooks; combines nearly every classic flavoring bottle on the back bar.,Base Spirit,Straight Bourbon Whiskey,Cognac,Liqueur Duo,Dry Curaçao & Maraschino Liqueur,Triple Sec & Bénédictine,Bitter Modifier,Amer Picon or Torani Amer,Campari,Triple Bitters Blend,Peychaud's Bitters + Angostura Bitters + Orange Bitters,Celery Bitters + Chocolate Bitters + Grapefruit Bitters,Method & Garnish,Stir with dense ice in a mixing glass; strain into chilled coupe with brandied cherry & lemon twist,Shake hard with crushed ice; highball with mint sprig